SALE TYPE,SOLD DATE,PROPERTY TYPE,ADDRESS,CITY,STATE OR PROVINCE,ZIP OR POSTAL CODE,PRICE,BEDS,BATHS,LOCATION,SQUARE FEET,LOT SIZE,YEAR BUILT,DAYS ON MARKET,$/SQUARE FEET,HOA/MONTH,STATUS,NEXT OPEN HOUSE START TIME,NEXT OPEN HOUSE END TIME,URL (SEE https://www.redfin.com/buy-a-home/comparative-market-analysis FOR INFO ON PRICING),SOURCE,MLS#,FAVORITE,INTERESTED,LATITUDE,LONGITUDE
"In accordance with local MLS rules, some MLS listings are not included in the download"
PAST SALE,June-7-2023,Single Family Residential,1609 Chouteau St,Fort Benton,MT,59442,259900,6,2.5,Fort Benton,3546,10454,1911,,73,,Sold,,,https://www.redfin.com/MT/Fort-Benton/1609-Chouteau-St-59442/home/104898223,MRMLS,22210810,N,Y,47.8208069,-110.670217
PAST SALE,September-14-2023,Single Family Residential,1708 Saint Charles St,Fort Benton,MT,59442,221000,3,1.0,Fort Benton,1500,10803,1925,,147,,Sold,,,https://www.redfin.com/MT/Fort-Benton/1708-Saint-Charles-St-59442/home/104898726,MRMLS,30010005,N,Y,47.8226165,-110.6710385
PAST SALE,December-5-2022,Mobile/Manufactured Home,428 Halter Lane Ln,Loma,MT,59460,995000,2,1.0,,1100,8842680,1995,,905,,Sold,,,https://www.redfin.com/MT/Loma/428-Halter-Ln-59460/home/183190145,BMTMLS,331899,N,Y,47.9317552,-110.5228386
PAST SALE,November-4-2022,Single Family Residential,1102 Front St,Fort Benton,MT,59442,99500,2,1.0,Fort Benton,1254,6534,1930,,79,,Sold,,,https://www.redfin.com/MT/Fort-Benton/1102-Front-St-59442/home/104898373,MRMLS,22213967,N,Y,47.8143948,-110.6711324
PAST SALE,July-16-2021,Mobile/Manufactured Home,2310 Washington St,Fort Benton,MT,59442,139000,3,1.5,,2240,8276,1985,,62,,Sold,,,https://www.redfin.com/MT/Fort-Benton/2310-Washington-St-59442/home/104898975,BMTMLS,313397,N,Y,47.8271857,-110.6625729
PAST SALE,December-27-2021,Vacant Land,Parcels B & C Hwy 80,Geraldine,MT,59446,239400,,,Geraldine,,11586960,,,,,Sold,,,https://www.redfin.com/MT/Geraldine/Parcels-B-C-Hwy-80-Unknown/home/183266940,MRMLS,22101531,N,Y,47.56228,-110.198102
PAST SALE,September-13-2021,Single Family Residential,1205 11th St,Fort Benton,MT,59442,299900,4,2.0,Fort Benton,2352,11325,1983,,128,,Sold,,,https://www.redfin.com/MT/Fort-Benton/1205-11th-St-59442/home/104898440,MRMLS,22107117,N,Y,47.8166408,-110.6756406
PAST SALE,September-6-2022,Mobile/Manufactured Home,2211 Washington St,Fort Benton,MT,59442,199500,3,2.0,Fort Benton,2862,4356,1975,,70,,Sold,,,https://www.redfin.com/MT/Fort-Benton/2211-Washington-St-59442/home/104898959,MRMLS,22206946,N,Y,47.8259327,-110.6629811
PAST SALE,September-7-2021,Vacant Land,Nhn County Road 225,Carter,MT,59420,399000,,,Carter,,13939200,,,,,Sold,,,https://www.redfin.com/MT/Carter/NHN-Bootlegger-Trl-59420/home/186978741,MRMLS,22017502,N,Y,47.89639,-111.327904
PAST SALE,May-27-2022,Single Family Residential,2210 Steele St,Fort Benton,MT,59442,635000,3,3.0,Fort Benton,3270,17424,2013,,194,,Sold,,,https://www.redfin.com/MT/Fort-Benton/2210-Steele-St-59442/home/104898672,MRMLS,22113897,N,Y,47.8234606,-110.6579443
PAST SALE,October-19-2021,Single Family Residential,1001 Main St,Fort Benton,MT,59442,310000,3,2.0,Fort Benton,1940,8407,1955,,160,,Sold,,,https://www.redfin.com/MT/Fort-Benton/1001-Main-St-59442/home/104899117,BSCMLS,361965,N,Y,47.8138156,-110.6725712
PAST SALE,October-28-2021,Single Family Residential,1004 Main St,Fort Benton,MT,59442,114500,2,1.0,Fort Benton,1156,5662,1912,,99,,Sold,,,https://www.redfin.com/MT/Fort-Benton/1004-Main-St-59442/home/104898425,MRMLS,22114441,N,Y,47.8141648,-110.673089
PAST SALE,April-6-2022,Vacant Land,1108 River St,Fort Benton,MT,59442,90000,,,Fort Benton,,8276,,,,,Sold,,,https://www.redfin.com/MT/Fort-Benton/1108-River-St-59442/home/109754881,MRMLS,22201412,N,Y,47.8141516,-110.6698362
PAST SALE,May-2-2025,Vacant Land,NHN 26th St,Fort Benton,MT,59442,60000,,,Fort Benton,,37810,,,,,Sold,,,https://www.redfin.com/MT/Fort-Benton/NHN-26th-St-59442/Lot/home/195290700,MRMLS,30045955,N,Y,47.82674158,-110.6534619
PAST SALE,December-8-2021,Single Family Residential,244 Collins Ave W,Geraldine,MT,59446,39000,2,1.0,Geraldine,988,10454,1916,,39,,Sold,,,https://www.redfin.com/MT/Geraldine/244-Collins-Ave-W-59446/home/104899573,MRMLS,22115910,N,Y,47.6027791,-110.2681745
PAST SALE,September-3-2021,Single Family Residential,1212 13th St,Fort Benton,MT,59442,240000,3,2.5,,2576,8276,1951,,93,,Sold,,,https://www.redfin.com/MT/Fort-Benton/1212-13th-St-59442/home/104898509,BMTMLS,320188,N,Y,47.8182721,-110.6744616
PAST SALE,October-28-2022,Single Family Residential,335 4th St,Carter,MT,59420,399000,5,3.5,Carter,3696,14810,1910,,108,,Sold,,,https://www.redfin.com/MT/Carter/335-4th-St-59420/home/104898169,MRMLS,22214113,N,Y,47.7813975,-110.9594601
PAST SALE,May-18-2022,Vacant Land,0 Missouri Riv,Other-see Remarks,MT,59442,75000,,,,,3643358,,,,,Sold,,,https://www.redfin.com/MT/Other-See-Remarks/0-Missouri-RIV-59442/home/185093361,BMTMLS,313429,N,Y,47.772031,-110.752707
PAST SALE,April-1-2022,Multi-Family (2-4 Unit),2215 Main St,Fort Benton,MT,59442,240000,2,1.0,,1568,8407,1954,,153,,Sold,,,https://www.redfin.com/MT/Fort-Benton/2215-Main-St-59442/home/147736090,BMTMLS,322100,N,Y,47.8251044,-110.660403
PAST SALE,April-1-2021,Single Family Residential,1004 22nd St,Fort Benton,MT,59442,279900,4,2.0,Fort Benton,2701,8276,1975,,104,,Sold,,,https://www.redfin.com/MT/Fort-Benton/1004-22nd-St-59442/home/104898985,MRMLS,22101985,N,Y,47.8251766,-110.6637654
PAST SALE,February-9-2022,Single Family Residential,1210 Main St,Fort Benton,MT,59442,249900,4,2.0,Fort Benton,2525,6534,1948,,99,,Sold,,,https://www.redfin.com/MT/Fort-Benton/1210-Main-St-59442/home/104898386,MRMLS,22118498,N,Y,47.81608,-110.6711002
PAST SALE,January-14-2022,Vacant Land,Parcel A Hwy 80,Geraldine,MT,59446,324000,,,Geraldine,,15681600,,,,,Sold,,,https://www.redfin.com/MT/Geraldine/Parcel-A-Hwy-80-Unknown/home/183263179,MRMLS,22019220,N,Y,47.531547,-110.223245
PAST SALE,March-21-2021,Single Family Residential,2421 Chouteau St,Fort Benton,MT,59442,232900,5,2.0,Military Add,2240,16988,1978,,104,,Sold,,,https://www.redfin.com/MT/Fort-Benton/2421-Chouteau-St-59442/home/104898532,MRMLS,22101039,N,Y,47.8287447,-110.6617132
PAST SALE,September-9-2022,Mobile/Manufactured Home,124 Broadway Ave E,Highwood,MT,59450,199900,3,2.0,Highwood,1436,10454,1996,,139,,Sold,,,https://www.redfin.com/MT/Highwood/124-Broadway-Ave-E-59450/home/104898302,MRMLS,22211728,N,Y,47.584634,-110.7903767
PAST SALE,December-6-2021,Single Family Residential,915 Franklin Street St,Fort Benton,MT,59442,280000,4,2.0,,2640,8407,1954,,106,,Sold,,,https://www.redfin.com/MT/Fort-Benton/915-Franklin-St-59442/home/104899083,BMTMLS,323172,N,Y,47.8140337,-110.6741014
PAST SALE,October-18-2022,Single Family Residential,1508 Franklin St,Fort Benton,MT,59442,175000,3,1.5,Fort Benton,1406,6098,1957,,124,,Sold,,,https://www.redfin.com/MT/Fort-Benton/1508-Franklin-St-59442/home/104898394,MRMLS,22214086,N,Y,47.8189902,-110.6695883
PAST SALE,February-15-2021,Single Family Residential,911 21st St,Fort Benton,MT,59442,185000,4,1.5,Fort Benton,2288,8276,1963,,81,,Sold,,,https://www.redfin.com/MT/Fort-Benton/911-21st-St-59442/home/104898956,MRMLS,22019245,N,Y,47.8241184,-110.6632375
PAST SALE,May-23-2022,Single Family Residential,2735 Moran Hill Rd,Geraldine,MT,59446,196000,2,1.5,Geraldine,1344,42688,1977,,146,,Sold,,,https://www.redfin.com/MT/Geraldine/2735-Moran-Hill-Rd-59446/home/104898939,MRMLS,22200960,N,Y,47.7514016,-110.3864825
PAST SALE,November-18-2021,Single Family Residential,1101 Franklin St,Fort Benton,MT,59442,180000,3,2.0,Fort Benton,1900,9583,1940,,95,,Sold,,,https://www.redfin.com/MT/Fort-Benton/1101-Franklin-St-59442/home/104898362,MRMLS,22111266,N,Y,47.8152482,-110.672837
PAST SALE,April-18-2022,Single Family Residential,249 Harris Ave E,Highwood,MT,59450,45000,3,1.0,Highwood,1456,13982,1914,,31,,Sold,,,https://www.redfin.com/MT/Highwood/249-Harris-Ave-E-59450/home/104898642,BSCMLS,368798,N,Y,47.586179,-110.7887553
PAST SALE,November-4-2022,Single Family Residential,1102 Front Street St,Fort Benton,MT,59442,99500,2,1.0,,1870,6360,1930,,53,,Sold,,,https://www.redfin.com/MT/Fort-Benton/1102-Front-Street-ST-59442/home/188632023,BMTMLS,335317,N,Y,47.814373,-110.671168
PAST SALE,April-30-2021,Mobile/Manufactured Home,"166 Danburk Street North, Highwood St",Highwood,MT,59450,189000,3,2.0,,1522,13983,2008,,124,,Sold,,,https://www.redfin.com/MT/Highwood/166-Danburk-St-59450/home/183195406,BMTMLS,310704,N,Y,47.5855994,-110.7949481
PAST SALE,September-7-2021,Vacant Land,NHN County Road 225,,MT,59420,399000,,,,,13939200,,,,,Sold,,,https://www.redfin.com/MT/Unknown/NHN-County-Road-225-59420/home/183194499,BMTMLS,312178,N,Y,47.899062,-111.329963
PAST SALE,June-25-2021,Single Family Residential,1215 Main St,Fort Benton,MT,59442,209000,4,2.0,Fort Benton,2128,8451,1950,,98,,Sold,,,https://www.redfin.com/MT/Fort-Benton/1215-Main-St-59442/home/104898350,MRMLS,22106551,N,Y,47.815835,-110.67034
PAST SALE,March-22-2021,Single Family Residential,134 Danburk St S,Highwood,MT,59450,116900,3,1.0,Highwood,1026,13939,1914,,114,,Sold,,,https://www.redfin.com/MT/Highwood/134-Danburk-St-S-59450/home/104898311,MRMLS,22015537,N,Y,47.5845807,-110.7955426
PAST SALE,July-5-2021,Mobile/Manufactured Home,512 Main St,Fort Benton,MT,59442,175900,4,3.0,Fort Benton,2688,12632,1975,,65,,Sold,,,https://www.redfin.com/MT/Fort-Benton/512-Main-St-59442/home/104899012,MRMLS,22008975,N,Y,47.8097892,-110.6778992
PAST SALE,October-13-2021,Vacant Land,"0 S18, T22 N, R06 E",,MT,59450,49000,,,,,871200,,,,,Sold,,,https://www.redfin.com/MT/Unknown/0-S18-T22-N-R06-E-59450/home/183193238,BMTMLS,319991,N,Y,47.656164,-111.009733
PAST SALE,September-15-2021,Vacant Land,2203 Main Street St,Fort Benton,MT,59442,100000,,,,,16771,,,,,Sold,,,https://www.redfin.com/MT/Fort-Benton/2203-Main-St-59442/home/104898647,BMTMLS,313585,N,Y,47.824531,-110.6611948
PAST SALE,September-20-2021,Single Family Residential,1107 Main Street St,Fort Benton,MT,59442,119000,3,1.0,,1483,9714,1895,,80,,Sold,,,https://www.redfin.com/MT/Fort-Benton/1107-Main-St-59442/home/104898369,BMTMLS,322397,N,Y,47.8148409,-110.6715143
PAST SALE,October-6-2022,Single Family Residential,1815 Franklin St,Fort Benton,MT,59442,99500,3,1.0,Fort Benton,1980,10018,1910,,50,,Sold,,,https://www.redfin.com/MT/Fort-Benton/1815-Franklin-St-59442/home/104898284,MRMLS,22213171,N,Y,47.8217332,-110.6658454
PAST SALE,February-1-2021,Single Family Residential,1218 St Charles St,Fort Benton,MT,59442,199400,3,2.0,Fort Benton,1486,24829,1957,,134,,Sold,,,https://www.redfin.com/MT/Fort-Benton/1218-Saint-Charles-St-59442/home/104898475,MRMLS,22019275,N,Y,47.8184133,-110.675561
PAST SALE,November-28-2022,Single Family Residential,330 W Broadway Ave,Geraldine,MT,59446,89900,7,5.0,Geraldine,5324,27878,1967,,17,,Sold,,,https://www.redfin.com/MT/Geraldine/330-Broadway-Ave-W-59446/home/104899594,MRMLS,22210731,N,Y,47.6040928,-110.2693157
PAST SALE,September-23-2022,Single Family Residential,460 Lincoln Ave Ave,Big Sandy,MT,59520,279000,6,2.5,,2640,13983,1949,,106,,Sold,,,https://www.redfin.com/MT/Big-Sandy/460-Lincoln-Ave-AVE-59520/home/188629778,BMTMLS,331510,N,Y,48.179398,-110.117745
PAST SALE,June-2-2021,Single Family Residential,211 Main St,Loma,MT,59460,39000,2,1.0,Loma,1664,6969,1959,,23,,Sold,,,https://www.redfin.com/MT/Loma/211-Main-St-59460/home/104898597,MRMLS,22101893,N,Y,47.9367146,-110.502236
PAST SALE,December-9-2021,Single Family Residential,117 Patterson St,Geraldine,MT,59446,179000,5,2.0,Geraldine,2430,20908,1960,,74,,Sold,,,https://www.redfin.com/MT/Geraldine/117-Patterson-St-59446/home/104899585,MRMLS,22105384,N,Y,47.6044209,-110.2716486
PAST SALE,November-1-2021,Vacant Land,"NHN Vernon Road, Carter",Carter,MT,59420,385000,,,,,10672200,,,,,Sold,,,https://www.redfin.com/MT/Carter/NHN-Vernon-Road-Carter-59420/home/183191648,BMTMLS,322987,N,Y,47.767096,-110.847837
PAST SALE,May-11-2021,Ranch,1350 Stageline Rd,Highwood,MT,59450,580000,6,,,,871200,1979,,,,Sold,,,https://www.redfin.com/MT/Highwood/1350-Stage-Line-Rd-59450/home/176410893,BMTMLS,314866,N,Y,47.6002656,-110.7679342
PAST SALE,February-19-2021,Single Family Residential,609 Front St,Fort Benton,MT,59442,134900,3,2.0,Fort Benton,1251,8276,1950,,108,,Sold,,,https://www.redfin.com/MT/Fort-Benton/609-Front-St-59442/home/104899193,MRMLS,22100652,N,Y,47.8100586,-110.6749294
PAST SALE,July-8-2022,Single Family Residential,552 Hilger St,Geraldine,MT,59446,85000,3,1.0,Geraldine,1664,13939,1913,,51,,Sold,,,https://www.redfin.com/MT/Geraldine/552-Hilger-St-59446/home/104899632,MRMLS,22205206,N,Y,47.6000025,-110.2678888
PAST SALE,November-1-2021,Vacant Land,NHN Vernon Rd,Carter,MT,59420,385000,,,Carter,,10672200,,,,,Sold,,,https://www.redfin.com/MT/Carter/NHN-Vernon-RD-59420/home/183194769,BSCMLS,362610,N,Y,47.766521,-110.857126
PAST SALE,June-3-2021,Single Family Residential,144 Two Dog Night Ln,Geraldine,MT,59446,735000,4,3.5,Geraldine,3552,910839,2007,,207,,Sold,,,https://www.redfin.com/MT/Geraldine/144-Two-Dog-Night-LN-Unknown/home/183269266,MRMLS,22008745,N,Y,47.56283445,-110.31221724
PAST SALE,November-4-2022,Single Family Residential,1108 Mc Guire Ave,Highwood,MT,59450,295000,3,2.0,Highwood,1404,178596,1997,,210,,Sold,,,https://www.redfin.com/MT/Highwood/1108-Mc-Guire-Ave-59450/home/104898230,MRMLS,22213882,N,Y,47.5846551,-110.8057808
PAST SALE,May-2-2025,Vacant Land,0 26th St,Fort Benton,MT,59442,60000,,,,,37810,,,,,Sold,,,https://www.redfin.com/MT/Fort-Benton/26th-St-59442/home/195290731,BMTMLS,351877,N,Y,47.826695,-110.65338
PAST SALE,September-23-2022,Single Family Residential,460 Lincoln Ave,Big Sandy,MT,59520,279000,6,2.5,Big Sandy,2600,13939,1949,,107,,Sold,,,https://www.redfin.com/MT/Big-Sandy/460-Lincoln-Ave-59520/home/104898821,MRMLS,22209142,N,Y,48.1793202,-110.1177822
PAST SALE,August-10-2021,Single Family Residential,823 Washington St,Fort Benton,MT,59442,305000,4,2.0,Fort Benton,1986,12632,1979,,154,,Sold,,,https://www.redfin.com/MT/Fort-Benton/823-Washington-St-59442/home/104899064,MRMLS,22108754,N,Y,47.8135176,-110.6764579
PAST SALE,April-29-2022,Mobile/Manufactured Home,2313 Washington St,Fort Benton,MT,59442,138900,3,2.0,Fort Benton,1314,,1978,,106,,Sold,,,https://www.redfin.com/MT/Fort-Benton/2313-Washington-St-59442/home/104898557,MRMLS,22203083,N,Y,47.8270204,-110.6616661
PAST SALE,March-24-2021,Single Family Residential,2118 Franklin St,Fort Benton,MT,59442,174900,3,2.0,MILITARY ADD,1600,8276,1960,,109,,Sold,,,https://www.redfin.com/MT/Fort-Benton/2118-Franklin-St-59442/home/104898987,MRMLS,22101598,N,Y,47.8248272,-110.6632957
PAST SALE,May-27-2021,Single Family Residential,626 Brewster St,Geraldine,MT,59446,159000,3,2.0,Geraldine,3024,20908,1945,,53,,Sold,,,https://www.redfin.com/MT/Geraldine/626-Brewster-St-59446/home/104899683,MRMLS,22103278,N,Y,47.5992515,-110.2692987
PAST SALE,January-24-2022,Single Family Residential,491 Johannes Ave,Big Sandy,MT,59520,415000,4,3.0,,3328,13983,2001,,125,,Sold,,,https://www.redfin.com/MT/Big-Sandy/491-Johannes-Ave-59520/home/104899290,BMTMLS,321845,N,Y,48.1756626,-110.1066071
PAST SALE,August-31-2022,Mobile/Manufactured Home,2008 Franklin St,Fort Benton,MT,59442,65000,3,1.0,Fort Benton,696,6534,1972,,93,,Sold,,,https://www.redfin.com/MT/Fort-Benton/2008-Franklin-St-59442/home/104898757,MRMLS,22203230,N,Y,47.8237229,-110.6645434
PAST SALE,June-30-2022,Vacant Land,TBD Hwy. 87 Hwy,Fort Benton,MT,59442,495000,,,Fort Benton,,13939200,,,,,Sold,,,https://www.redfin.com/MT/Fort-Benton/TBD-Hwy-87-HWY-59442/home/183197076,BSCMLS,356854,N,Y,47.808174,-110.83841
PAST SALE,October-25-2021,Single Family Residential,1670 Penquin Ln,Big Sandy,MT,59520,325000,2,1.5,Big Sandy,976,239580,1910,,333,,Sold,,,https://www.redfin.com/MT/Big-Sandy/1670-Penguin-Ln-59520/home/104898944,MRMLS,22111036,N,Y,48.1914803,-110.3053633
PAST SALE,August-6-2021,Single Family Residential,268 Geraldine Ave W,Geraldine,MT,59446,179000,3,2.0,Geraldine,1772,41817,1957,,101,,Sold,,,https://www.redfin.com/MT/Geraldine/268-Geraldine-Ave-59446/home/104899595,MRMLS,22110044,N,Y,47.5982209,-110.2685938
PAST SALE,March-31-2022,Ranch,3710 Davis School Road Rd,Carter,MT,59420,425000,5,1.5,,2799,1001880,1952,,152,,Sold,,,https://www.redfin.com/MT/Carter/3710-Davis-School-Rd-59420/home/181390121,BMTMLS,326679,N,Y,47.8004205,-111.0414533
PAST SALE,August-24-2022,Mobile/Manufactured Home,425 Brady Ave W,Geraldine,MT,59446,160000,3,2.0,Geraldine,1216,20473,1999,,132,,Sold,,,https://www.redfin.com/MT/Geraldine/425-Brady-Ave-W-59446/home/104899586,MRMLS,22111957,N,Y,47.6044689,-110.270892
PAST SALE,November-5-2021,Mobile/Manufactured Home,265 Harris Ave,Highwood,MT,59450,68000,2,1.0,Highwood,816,13939,1971,,83,,Sold,,,https://www.redfin.com/MT/Highwood/265-Harris-Ave-59450/home/183273773,MRMLS,22115908,N,Y,47.586159,-110.788052
PAST SALE,October-28-2022,Single Family Residential,335 4th St W,Other-see Remarks,MT,59420,399000,5,3.5,,3696,14985,1916,,108,,Sold,,,https://www.redfin.com/MT/Other-See-Remarks/335-4th-ST-W-59420/home/188632077,BMTMLS,335348,N,Y,47.78138,-110.959445
PAST SALE,April-29-2022,Ranch,2172 Montague Rd,Fort Benton,MT,59442,1000000,,,Fort Benton,,,,,,,Sold,,,https://www.redfin.com/MT/Fort-Benton/2172-Montague-Rd-59442/home/183265988,MRMLS,21912729,N,Y,47.7041235,-110.4151747
PAST SALE,March-5-2021,Mobile/Manufactured Home,357 Spring St,Geraldine,MT,59446,175000,4,3.0,Geraldine,3136,62726,1994,,56,,Sold,,,https://www.redfin.com/MT/Geraldine/357-Spring-St-59446/home/104899608,MRMLS,22007384,N,Y,47.601946,-110.2729165
PAST SALE,December-30-2024,Multi-Family (2-4 Unit),2317 Chouteau St,Fort Benton,MT,59442,342500,7,4.0,Fort Benton,3456,12589,1980,,99,,Sold,,,https://www.redfin.com/MT/Fort-Benton/2317-Chouteau-St-59442/home/147734271,MRMLS,30036166,N,Y,47.8274761,-110.6630854
PAST SALE,August-13-2025,Vacant Land,UKN Flager Ave,Geraldine,MT,59446,21900,,,Geraldine,,27442,,,,,Sold,,,https://www.redfin.com/MT/Geraldine/Ukn-Flagler-Ave-59446/home/183258942,MRMLS,30053718,N,Y,47.60003951,-110.2632662
PAST SALE,March-30-2023,Single Family Residential,1001 Chouteau Street St,Fort Benton,MT,59442,159900,4,1.0,,1824,10454,1952,,88,,Sold,,,https://www.redfin.com/MT/Fort-Benton/1001-Chouteau-St-59442/home/104898460,BMTMLS,338048,N,Y,47.8156655,-110.6758546
PAST SALE,June-30-2024,Single Family Residential,2206 Franklin St,Fort Benton,MT,59442,329063,4,1.5,Fort Benton,2574,16814,1961,,128,,Sold,,,https://www.redfin.com/MT/Fort-Benton/2206-Franklin-St-59442/home/104898961,MRMLS,30026067,N,Y,47.8256394,-110.66244
PAST SALE,July-24-2023,Single Family Residential,1410 Washington Street St,Fort Benton,MT,59442,180000,5,2.0,,2664,7579,1910,,68,,Sold,,,https://www.redfin.com/MT/Fort-Benton/1410-Washington-Street-ST-59442/home/188637230,BMTMLS,339236,N,Y,47.818774,-110.671483
PAST SALE,July-24-2023,Multi-Family (2-4 Unit),1410 Washington St,Fort Benton,MT,59442,180000,5,2.0,Fort Benton,2664,7579,1910,,68,,Sold,,,https://www.redfin.com/MT/Fort-Benton/1410-Washington-St-59442/home/104898409,MRMLS,30004389,N,Y,47.8188094,-110.6715957
PAST SALE,July-16-2025,Ranch,NHN Brady Rd E,Brady,MT,59416,1999000,,,Brady,,60984000,,,,,Sold,,,https://www.redfin.com/MT/Brady/NHN-Brady-Rd-E-59416/home/195799890,MRMLS,30049651,N,Y,48.09911583,-111.36948741
PAST SALE,February-15-2023,Single Family Residential,1020 24th St,Fort Benton,MT,59442,108900,3,1.0,Military Addition,1920,8276,1978,,57,,Sold,,,https://www.redfin.com/MT/Fort-Benton/1020-24th-St-59442/home/104898558,MRMLS,22216785,N,Y,47.8272184,-110.6616151
PAST SALE,December-5-2025,Single Family Residential,UKN Highway 80,Geraldine,MT,59446,119000,1,1.0,Geraldine,480,81675,1981,,248,,Sold,,,https://www.redfin.com/MT/Geraldine/UKN-Unknown/home/198736350,MRMLS,30060214,N,Y,47.42790299,-110.14928801
PAST SALE,March-20-2025,Single Family Residential,1105 Franklin St,Fort Benton,MT,59442,299999,3,1.5,Fort Benton,2025,9845,1948,,148,,Sold,,,https://www.redfin.com/MT/Fort-Benton/1105-Franklin-St-59442/home/104898363,MRMLS,30039774,N,Y,47.8154684,-110.6726574
PAST SALE,November-4-2024,Vacant Land,175 Jefferson Ave,Big Sandy,MT,59520,15000,,,Elderman Second Addbig Sandy,,6534,,,,,Sold,,,https://www.redfin.com/MT/Big-Sandy/175-Jefferson-Ave-59520/home/104898811,BMTMLS,348433,N,Y,48.1825106,-110.1188774
PAST SALE,July-30-2025,Single Family Residential,1700 Saint Charles St,Fort Benton,MT,59442,305000,4,2.0,Deletraz Add,2688,15246,1960,,113,,Sold,,,https://www.redfin.com/MT/Fort-Benton/1700-Saint-Charles-St-59442/home/104898727,BMTMLS,353773,N,Y,47.8223493,-110.6713559
PAST SALE,October-1-2025,Single Family Residential,1107 17th St,Fort Benton,MT,59442,365000,5,2.0,Fort Benton,3045,11979,1900,,120,,Sold,,,https://www.redfin.com/MT/Fort-Benton/1107-17th-St-59442/home/104898771,MRMLS,30055661,N,Y,47.8213756,-110.6694579
PAST SALE,September-19-2025,Vacant Land,92 Prospect Ave E,Geraldine,MT,59446,38000,,,Geraldine,,176854,,,,,Sold,,,https://www.redfin.com/MT/Geraldine/92-Prospect-Ave-59446/home/104898202,MRMLS,30054220,N,Y,47.5973931,-110.2608386
PAST SALE,December-29-2023,Mobile/Manufactured Home,483 Broadway Ave E,Highwood,MT,59450,175900,3,2.0,Highwood,1416,68550,1994,,124,,Sold,,,https://www.redfin.com/MT/Highwood/483-Broadway-Ave-E-59450/home/104898634,MRMLS,30016677,N,Y,47.5866673,-110.7857341
PAST SALE,March-14-2025,Single Family Residential,2319/2317 Main St,Fort Benton,MT,59442,225000,3,1.5,,1256,16814,1917,,179,,Sold,,,https://www.redfin.com/MT/Fort-Benton/2319-2317-Main-ST-59442/home/194344864,BMTMLS,350528,N,Y,47.826069,-110.659402
PAST SALE,March-14-2025,Single Family Residential,2319 Main St,Fort Benton,MT,59442,225000,3,1.5,Fort Benton,1256,16814,1917,,179,,Sold,,,https://www.redfin.com/MT/Fort-Benton/2319-Main-St-59442/home/104898705,MRMLS,30039152,N,Y,47.8260982,-110.6594484
PAST SALE,May-30-2025,Single Family Residential,2003 Franklin St,Fort Benton,MT,59442,230000,3,1.0,Military Add,1468,8276,1920,,157,,Sold,,,https://www.redfin.com/MT/Fort-Benton/2003-Franklin-St-59442/home/104898977,BMTMLS,351663,N,Y,47.8233113,-110.6641308
PAST SALE,May-20-2024,Single Family Residential,802 Main St,Fort Benton,MT,59442,380000,4,3.0,Fort Benton,2703,16800,1947,,141,,Sold,,,https://www.redfin.com/MT/Fort-Benton/802-Main-St-59442/home/104899088,MRMLS,30021587,N,Y,47.8124123,-110.6751156
PAST SALE,April-17-2023,Single Family Residential,1008 16th St,Fort Benton,MT,59442,240000,3,3.0,,1612,9583,1900,,149,,Sold,,,https://www.redfin.com/MT/Fort-Benton/1008-16th-St-59442/home/104898263,BMTMLS,338388,N,Y,47.8196486,-110.6696576
PAST SALE,October-25-2024,Single Family Residential,609 Franklin St,Fort Benton,MT,59442,300000,2,1.5,Fort Benton,1104,16814,1920,,272,,Sold,,,https://www.redfin.com/MT/Fort-Benton/609-Franklin-St-59442/home/104899021,MRMLS,30031801,N,Y,47.8106847,-110.6775612
PAST SALE,July-22-2025,Single Family Residential,156 Clary Ave W,Geraldine,MT,59446,269000,4,2.5,Geraldine,2206,7013,1918,,122,,Sold,,,https://www.redfin.com/MT/Geraldine/156-Clary-Ave-59446/home/104899532,MRMLS,30049793,N,Y,47.5998288,-110.2671905
PAST SALE,March-28-2025,Vacant Land,16 Vernon Rd,,MT,59450,198850,,,Highwood,,453024,,,,,Sold,,,https://www.redfin.com/MT/Unknown/16-Vernon-Rd-59450/home/194628834,BSCMLS,399364,N,Y,47.75977861,-110.83717432
PAST SALE,August-4-2023,Vacant Land,1121 Front St,Fort Benton,MT,59442,99900,,,Fort Benton,,7320,,,,,Sold,,,https://www.redfin.com/MT/Fort-Benton/1121-Front-St-59442/home/104899113,MRMLS,30007244,N,Y,47.8145497,-110.6698754
PAST SALE,March-7-2023,Single Family Residential,169 Geraldine Ave E,Geraldine,MT,59446,126000,3,2.0,Geraldine,1648,20908,1911,,76,,Sold,,,https://www.redfin.com/MT/Geraldine/169-Geraldine-Rd-E-59446/home/104899645,MRMLS,22201073,N,Y,47.598326,-110.2647783
PAST SALE,July-26-2023,Vacant Land,TBD Brewer Rd,Other-see Remarks,MT,59520,675000,,,,,21257280,,,,,Sold,,,https://www.redfin.com/MT/Other-See-Remarks/TBD-Brewer-RD-59520/home/185909852,BMTMLS,340531,N,Y,47.875712,-109.648101
PAST SALE,September-29-2025,Single Family Residential,1720 Washington St,Fort Benton,MT,59442,285000,3,1.0,Fort Benton,2878,7187,1953,,99,,Sold,,,https://www.redfin.com/MT/Fort-Benton/1720-Washington-St-59442/home/104898774,MRMLS,30054677,N,Y,47.8216777,-110.6684764
PAST SALE,July-18-2023,Single Family Residential,149 Great Northern Ave,Big Sandy,MT,59520,110000,2,1.5,ELDERMAN FIRST (BIG SANDY),1200,13000,1912,,92,,Sold,,,https://www.redfin.com/MT/Big-Sandy/149-Great-Northern-59520/home/104899419,BMTMLS,340209,N,Y,48.1826932,-110.1120722
PAST SALE,December-26-2023,Single Family Residential,316 4 St W,Carter,MT,59420,70000,4,1.0,Carter,1142,8407,1916,,61,,Sold,,,https://www.redfin.com/MT/Carter/316-4th-St-59420/home/104898126,MRMLS,30016378,N,Y,47.7818109,-110.9598983
PAST SALE,March-3-2023,Single Family Residential,2320 Main St,Fort Benton,MT,59442,285000,4,1.5,Fort Benton,3326,12632,2003,,86,,Sold,,,https://www.redfin.com/MT/Fort-Benton/2320-Main-St-59442/home/104898663,MRMLS,22216395,N,Y,47.8263702,-110.6600401
PAST SALE,July-23-2025,Vacant Land,NHN Lander Crossing Rd,,MT,59450,1450000,,,Highwood,,35152920,,,,,Sold,,,https://www.redfin.com/MT/Unknown/NHN-Lander-Xing-59450/home/196029405,MRMLS,30051585,N,Y,47.64645427,-110.94300704
PAST SALE,January-4-2026,Vacant Land,414 Main St,Fort Benton,MT,59442,80000,,,Fort Benton,,8400,,,,,Sold,,,https://www.redfin.com/MT/Fort-Benton/414-Main-St-59442/home/104899005,MRMLS,30061514,N,Y,47.8090626,-110.6786824
PAST SALE,January-4-2026,Single Family Residential,414 Main St,Fort Benton,MT,59442,110000,1,1.0,Fort Benton,576,16800,1915,,191,,Sold,,,https://www.redfin.com/MT/Fort-Benton/414-Main-St-59442/home/104899001,MRMLS,30061516,N,Y,47.8090626,-110.6786824
PAST SALE,May-7-2025,Single Family Residential,1100 17th St,Fort Benton,MT,59442,230000,2,1.5,Fort Benton,1864,4966,1927,,123,,Sold,,,https://www.redfin.com/MT/Fort-Benton/1100-17th-St-59442/home/104898228,MRMLS,30043878,N,Y,47.8207766,-110.6693535
PAST SALE,April-19-2024,Single Family Residential,1717 Saint Charles St,Fort Benton,MT,59442,255000,5,1.5,DELETRAZ ADD,2462,12589,1955,,104,,Sold,,,https://www.redfin.com/MT/Fort-Benton/1717-Saint-Charles-St-59442/home/104898735,MRMLS,30020776,N,Y,47.8225508,-110.6700278
PAST SALE,July-25-2025,Single Family Residential,1818 Main St,Fort Benton,MT,59442,315000,4,2.0,Fort Benton,2800,8407,1900,,113,,Sold,,,https://www.redfin.com/MT/Fort-Benton/1818-Main-St-59442/home/104898286,MRMLS,30045956,N,Y,47.8216184,-110.6650999
PAST SALE,November-25-2024,Single Family Residential,719 Washington St,Fort Benton,MT,59442,372000,3,2.0,Fort Benton,2120,16800,1957,,175,,Sold,,,https://www.redfin.com/MT/Fort-Benton/719-Washington-St-59442/home/104899057,BSCMLS,397216,N,Y,47.8128876,-110.6771144
PAST SALE,January-22-2026,Vacant Land,1001 St Charles St,Fort Benton,MT,59442,13000,,,Fort Benton,,34325,,,,,Sold,,,https://www.redfin.com/MT/Fort-Benton/1001-Saint-Charles-St-59442/home/164895913,MRMLS,30061376,N,Y,47.816723,-110.677879
PAST SALE,November-20-2025,Single Family Residential,1106 10th St,Fort Benton,MT,59442,270000,4,2.0,Fort Benton,1872,16814,1955,,144,,Sold,,,https://www.redfin.com/MT/Fort-Benton/1106-10th-St-59442/home/104898545,MRMLS,30057800,N,Y,47.8151856,-110.6763045
PAST SALE,August-7-2025,Vacant Land,TBD Graceville Rd,,MT,59446,1950000,,,Geraldine,,27458046,,,,,Sold,,,https://www.redfin.com/MT/Unknown/TBD-Graceville-Rd-59446/home/195353890,BSCMLS,401019,N,Y,47.71266,-109.83865
PAST SALE,February-28-2025,Single Family Residential,1415 St Charles St,Fort Benton,MT,59442,339000,4,2.0,Fort Benton,2688,8400,1957,,126,,Sold,,,https://www.redfin.com/MT/Fort-Benton/1415-Saint-Charles-St-59442/home/104898479,BSCMLS,398726,N,Y,47.8198167,-110.6731374
PAST SALE,December-12-2025,Single Family Residential,1108 Saint Charles St,Fort Benton,MT,59442,224900,2,1.0,Fort Benton,1026,8407,1956,,219,,Sold,,,https://www.redfin.com/MT/Fort-Benton/1108-Saint-Charles-St-59442/home/104898432,MRMLS,30059804,N,Y,47.8172865,-110.6766513
PAST SALE,July-14-2023,Mobile/Manufactured Home,619 Chouteau St,Fort Benton,MT,59442,240000,2,2.0,ROOSEVELT 1ST ADD,1409,12588,1995,,170,,Sold,,,https://www.redfin.com/MT/Fort-Benton/619-Chouteau-St-59442/home/104899456,MRMLS,30005479,N,Y,47.812426,-110.6793154
PAST SALE,September-11-2024,Single Family Residential,1712 Chouteau St,Fort Benton,MT,59442,279000,3,1.0,DELETRAZ ADDITION(FORT bENTON),1316,11979,1910,,212,,Sold,,,https://www.redfin.com/MT/Fort-Benton/1712-Chouteau-St-59442/home/104898722,MRMLS,30029827,N,Y,47.8219611,-110.6698853
PAST SALE,May-26-2023,Single Family Residential,1631 Highwood Rd,Great Falls,MT,59405,725000,3,2.0,Great Falls,1742,777981,2018,,416,,Sold,,,https://www.redfin.com/MT/Great-Falls/1631-Highwood-Rd-59405/home/132022921,MRMLS,30000747,N,Y,47.5405592,-110.8859324
PAST SALE,January-4-2026,Single Family Residential,1210 Chouteau St,Fort Benton,MT,59442,336000,3,2.0,Fort Benton,2038,9017,1956,,165,,Sold,,,https://www.redfin.com/MT/Fort-Benton/1210-Chouteau-St-59442/home/104898494,MRMLS,30060656,N,Y,47.8177168,-110.6744943
PAST SALE,August-28-2025,Single Family Residential,952 Chestnut Ave,Highwood,MT,59450,419900,4,3.0,Highwood,1980,20038,1985,,212,,Sold,,,https://www.redfin.com/MT/Highwood/952-Chestnut-Ave-59450/home/104898714,MRMLS,30052513,N,Y,47.5816753,-110.8029787
PAST SALE,September-24-2025,Mobile/Manufactured Home,2120 Washington St,Fort Benton,MT,59442,175000,3,1.5,Fort Benton,1440,25221,1966,,122,,Sold,,,https://www.redfin.com/MT/Fort-Benton/2120-Washington-St-59442/home/104898982,MRMLS,30054158,N,Y,47.825512,-110.6642775
PAST SALE,November-8-2024,Multi-Family (2-4 Unit),1405-1407 Chouteau St,Fort Benton,MT,59442,159000,9,9.0,Fort Benton,1992,6447,1900,,80,,Sold,,,https://www.redfin.com/MT/Fort-Benton/1405-Chouteau-St-59442/home/147735863,MRMLS,30032427,N,Y,47.8189166,-110.6724096
PAST SALE,November-3-2023,Single Family Residential,1196 Highway 386,Fort Benton,MT,59442,489000,5,3.0,Fort Benton,3390,39204,1976,,144,,Sold,,,https://www.redfin.com/MT/Fort-Benton/1196-Highway-386-59442/home/104898540,MRMLS,30010035,N,Y,47.816264,-110.680756
PAST SALE,December-8-2025,Single Family Residential,1109 Franklin St,Fort Benton,MT,59442,279900,2,1.0,Fort Benton,1380,8407,1955,,203,,Sold,,,https://www.redfin.com/MT/Fort-Benton/1109-Franklin-St-59442/home/104898364,MRMLS,30056156,N,Y,47.8156178,-110.6724668
PAST SALE,June-15-2023,Vacant Land,600 Washington St,Fort Benton,MT,59442,125000,,,Fort Benton,,21000,,,,,Sold,,,https://www.redfin.com/MT/Fort-Benton/600-Washington-St-59442/home/184732675,MRMLS,30002473,N,Y,47.8112608,-110.6792323
PAST SALE,July-8-2025,Vacant Land,2207 Main St,Fort Benton,MT,59442,90000,,,Military Add,,8276,,,,,Sold,,,https://www.redfin.com/MT/Fort-Benton/2207-Main-St-59442/home/104898649,BMTMLS,351208,N,Y,47.8247854,-110.6608143
PAST SALE,January-29-2026,Mobile/Manufactured Home,110 Second Ave,Loma,MT,59460,144900,3,2.0,,1265,21388,1972,,115,,Sold,,,https://www.redfin.com/MT/Loma/110-2nd-Ave-59460/home/104898562,BMTMLS,354624,N,Y,47.9356955,-110.5039672
PAST SALE,March-24-2025,Ranch,1478 Shepherd Xing,Highwood,MT,59450,775000,1,1.0,Highwood,1500,8842680,1940,,517,,Sold,,,https://www.redfin.com/MT/Highwood/1478-Shepherd-Xing-59450/home/193981527,MRMLS,30038321,N,Y,47.6044004,-110.9064781
PAST SALE,September-25-2025,Single Family Residential,NHN Lonely Rd,,MT,59450,2700000,4,1.5,Highwood,2016,58794674,1982,,1339,,Sold,,,https://www.redfin.com/MT/Unknown/NHN-Lonely-Rd-59450/home/196134958,MRMLS,30044167,N,Y,47.67422972,-110.99481149
PAST SALE,May-9-2025,Condo/Co-op,1713 Chouteau St,Fort Benton,MT,59442,300000,10,5.0,Fort Benton,3818,16814,1949,,79,,Sold,,,https://www.redfin.com/MT/Fort-Benton/1713-Chouteau-St-59442/home/147734232,MRMLS,30035806,N,Y,47.8217785,-110.6692567
PAST SALE,August-12-2024,Single Family Residential,18773 Shonkin Road Rd,Highwood,MT,59450,500000,1,1.0,,827,46174,1996,,605,,Sold,,,https://www.redfin.com/MT/Highwood/18773-Shonkin-Rd-59450/home/104899677,BMTMLS,344838,N,Y,47.50952,-110.511548
PAST SALE,November-20-2025,Single Family Residential,1212 14th St,Fort Benton,MT,59442,325000,3,2.0,Fort Benton,1740,12981,1947,,187,,Sold,,,https://www.redfin.com/MT/Fort-Benton/1212-14th-St-59442/home/104898523,MRMLS,30055330,N,Y,47.8189634,-110.6739525
PAST SALE,November-1-2023,Single Family Residential,3300 Burley Hill Rd,Highwood,MT,59450,999000,3,3.0,Highwood,3348,422532,2006,,298,,Sold,,,https://www.redfin.com/MT/Highwood/3300-Burley-Hill-Rd-59450/home/104899734,MRMLS,30006604,N,Y,47.5057201,-110.7431585
PAST SALE,November-3-2025,Mobile/Manufactured Home,511 Main St,Fort Benton,MT,59442,140000,3,2.0,Fort Benton,1368,12600,1980,,102,,Sold,,,https://www.redfin.com/MT/Fort-Benton/511-Main-St-59442/home/104899167,MRMLS,30052721,N,Y,47.8096097,-110.6770962
PAST SALE,February-28-2025,Single Family Residential,1032 Mcguire Ave,Highwood,MT,59450,394000,4,2.0,Highwood,1680,28314,2012,,235,,Sold,,,https://www.redfin.com/MT/Highwood/1032-Mcguire-AVE-59450/home/199697973,MRMLS,30035673,N,Y,47.583877,-110.803492
PAST SALE,January-30-2025,Mobile/Manufactured Home,162 W Harris Ave,Highwood,MT,59450,279000,3,2.0,Highwood,1352,13982,1999,,206,,Sold,,,https://www.redfin.com/MT/Highwood/162-Harris-Ave-W-59450/home/104898294,MRMLS,30034910,N,Y,47.5860977,-110.7915099
PAST SALE,December-8-2023,Single Family Residential,704 Front St,Fort Benton,MT,59442,180000,3,2.0,Fort Benton,2352,6360,1920,,77,,Sold,,,https://www.redfin.com/MT/Fort-Benton/704-Front-St-59442/home/104899030,MRMLS,30010966,N,Y,47.8108493,-110.675019
PAST SALE,February-3-2025,Vacant Land,118 Fiddleback Ln,Fort Benton,MT,59442,119000,,,Fiddleback Subdivision,,235224,,,,38,Sold,,,https://www.redfin.com/MT/Fort-Benton/118-Fiddleback-LN-59442/home/190602580,MRMLS,30024033,N,Y,47.83404411,-110.67197062
PAST SALE,February-3-2025,Vacant Land,338 Fiddleback Ln,Fort Benton,MT,59442,109000,,,Fiddleback Subdivision,,218235,,,,38,Sold,,,https://www.redfin.com/MT/Fort-Benton/338-Fiddleback-LN-59442/home/190602829,MRMLS,30024036,N,Y,47.83393607,-110.6674967
PAST SALE,February-3-2025,Vacant Land,204 Fiddleback Ln,Fort Benton,MT,59442,109000,,,Fiddleback Subdivision,,218235,,,,38,Sold,,,https://www.redfin.com/MT/Fort-Benton/204-Fiddleback-LN-59442/home/190602694,MRMLS,30024034,N,Y,47.83381364,-110.67008235
PAST SALE,February-3-2025,Vacant Land,274 Fiddleback Ln,Fort Benton,MT,59442,109000,,,Fiddleback Subdivision,,218235,,,,38,Sold,,,https://www.redfin.com/MT/Fort-Benton/274-Fiddleback-LN-59442/home/190602783,MRMLS,30024035,N,Y,47.83392887,-110.66888072
PAST SALE,February-3-2025,Vacant Land,402 Fiddleback Ln,Fort Benton,MT,59442,105000,,,Fiddleback Subdivision,,218671,,,,38,Sold,,,https://www.redfin.com/MT/Fort-Benton/402-Fiddleback-LN-59442/home/190604130,MRMLS,30024037,N,Y,47.83378483,-110.66626288
PAST SALE,May-17-2023,Single Family Residential,608 Main St,Fort Benton,MT,59442,218000,3,1.0,Fort Benton,1312,8276,1959,,166,,Sold,,,https://www.redfin.com/MT/Fort-Benton/608-Main-St-59442/home/104899019,MRMLS,22216763,N,Y,47.8107796,-110.6767977
PAST SALE,May-15-2024,Single Family Residential,1814 Washington St,Fort Benton,MT,59442,208000,4,2.0,Fort Benton Original Townsite,1525,6534,1954,,136,,Sold,,,https://www.redfin.com/MT/Fort-Benton/1814-Washington-St-59442/home/104898776,BMTMLS,342581,N,Y,47.8225072,-110.6675671
PAST SALE,December-17-2025,Single Family Residential,381 Lyng Ave W,Highwood,MT,59450,249900,3,2.0,Highwood,1530,13983,1974,,163,,Sold,,,https://www.redfin.com/MT/Highwood/381-Lyng-Ave-W-59450/home/104898255,MRMLS,30054765,N,Y,47.5834489,-110.7949076
PAST SALE,September-17-2025,Vacant Land,355 Floweree Rd N,Floweree,MT,59440,125000,,,,,325393,,,,,Sold,,,https://www.redfin.com/MT/Floweree/355-Floweree-Rd-59440/home/104898938,MRMLS,30046942,N,Y,47.7642197,-111.0287235
PAST SALE,June-18-2025,Single Family Residential,849 Hilger St,Geraldine,MT,59446,150000,3,2.0,Garner Add,1902,12197,1914,,79,,Sold,,,https://www.redfin.com/MT/Geraldine/849-Hilger-St-59446/home/104898199,BMTMLS,349697,N,Y,47.5973746,-110.2671478
PAST SALE,December-26-2024,Vacant Land,NHN Highwood Creek Rd,Highwood,MT,59450,2763480,,,Highwood,,29394288,,,,,Sold,,,https://www.redfin.com/MT/Highwood/NHN-Highwood-Rd-Unknown/home/191043814,MRMLS,30027777,N,Y,47.49126416,-110.626287
PAST SALE,October-13-2023,Single Family Residential,16363 Highwood Rd,Great Falls,MT,59405,575000,5,3.0,Great Falls,3185,80150,2005,,181,,Sold,,,https://www.redfin.com/MT/Great-Falls/16363-Highwood-Rd-59405/home/104899703,MRMLS,30000315,N,Y,47.5424209,-110.8863221
PAST SALE,March-21-2024,Single Family Residential,1011 18th St,Fort Benton,MT,59442,325000,4,2.0,Fort Benton,2464,7187,1968,,132,,Sold,,,https://www.redfin.com/MT/Fort-Benton/1011-18th-St-59442/home/104898792,MRMLS,30014349,N,Y,47.8218278,-110.6675173
PAST SALE,June-30-2023,Single Family Residential,27519 Brady Rd E,Brady,MT,59416,525000,3,2.0,Brady,1845,1105988,2015,,285,,Sold,,,https://www.redfin.com/MT/Brady/27519-Brady-Rd-E-59416/home/183258569,MRMLS,22300013,N,Y,48.039476,-111.241036
PAST SALE,May-10-2024,Single Family Residential,1409 Chouteau St,Fort Benton,MT,59442,139000,3,1.0,Fort Benton,900,9365,1918,,154,,Sold,,,https://www.redfin.com/MT/Fort-Benton/1409-Chouteau-St-59442/home/104898414,MRMLS,30016167,N,Y,47.8190443,-110.6722341
PAST SALE,January-24-2024,Single Family Residential,2505 Dorn Coulee Rd,Geraldine,MT,59446,624900,4,3.5,Geraldine,3808,871635,2000,,164,,Sold,,,https://www.redfin.com/MT/Geraldine/2505-Dorn-Coulee-Rd-59446/home/172927349,MRMLS,30006527,N,Y,47.721852,-110.2380756
PAST SALE,August-15-2025,Single Family Residential,1011 21st St,Fort Benton,MT,59442,300000,4,2.0,Fort Benton,2488,12589,1895,,121,,Sold,,,https://www.redfin.com/MT/Fort-Benton/1011-21st-St-59442/home/104898998,MRMLS,30039147,N,Y,47.8246633,-110.6643911
PAST SALE,October-6-2025,Single Family Residential,1710 Chouteau St,Fort Benton,MT,59442,190000,5,2.0,DELETRAZ,1848,7449,1958,,103,,Sold,,,https://www.redfin.com/MT/Fort-Benton/1710-Chouteau-St-59442/home/104898723,MRMLS,30041826,N,Y,47.821803,-110.6700364
PAST SALE,June-28-2024,Single Family Residential,279 Harris Ave E,Highwood,MT,59450,84000,4,1.0,Highwood,1628,7013,1914,,52,,Sold,,,https://www.redfin.com/MT/Highwood/279-Harris-Ave-E-59450/home/104898639,MRMLS,30016514,N,Y,47.5861372,-110.7883464
PAST SALE,August-4-2023,Vacant Land,0000 24th St,Fort Benton,MT,59442,96000,,,Fort Benton,,8276,,,,,Sold,,,https://www.redfin.com/MT/Fort-Benton/24th-St-59442/home/183258023,MRMLS,22213518,N,Y,47.825125,-110.657609
PAST SALE,November-1-2023,Ranch,6200 Cow Island Trl,Big Sandy,MT,59520,3500000,,,Big Sandy,1195,,,,2929,,Sold,,,https://www.redfin.com/MT/Big-Sandy/6200-Cow-Island-Trl-59520/home/183257638,MRMLS,22206202,N,Y,47.9946537,-109.7476428
PAST SALE,December-1-2023,Ranch,32119 Collins Rd,Brady,MT,59416,569000,3,2.0,Brady,1986,696960,1912,,287,,Sold,,,https://www.redfin.com/MT/Brady/32119-Collins-Rd-59416/home/184613411,MRMLS,30000884,N,Y,47.9603975,-111.3102117
PAST SALE,June-7-2024,Single Family Residential,40389 US Hwy,Fort Benton,MT,59442,539900,5,2.5,,3500,1670962,1908,,154,,Sold,,,https://www.redfin.com/MT/Fort-Benton/40389-US-HWY-59442/home/185344884,BMTMLS,339442,N,Y,47.831376,-110.695401
PAST SALE,March-17-2025,Vacant Land,205 Fiddleback Ln,Fort Benton,MT,59442,115000,,,Fiddleback Subdivision,,220413,,,,38,Sold,,,https://www.redfin.com/MT/Fort-Benton/205-Fiddleback-LN-59442/home/190600266,MRMLS,30023994,N,Y,47.83444742,-110.6705115
PAST SALE,March-17-2025,Vacant Land,119 Fiddleback Ln,Fort Benton,MT,59442,119000,,,Fiddleback Subdivision,,217887,,,,38,Sold,,,https://www.redfin.com/MT/Fort-Benton/119-Fiddleback-LN-59442/home/190599803,MRMLS,30023986,N,Y,47.83470669,-110.67195989
PAST SALE,June-7-2024,Single Family Residential,40389 Us Hwy 87,Fort Benton,MT,59442,539900,5,2.5,Fort Benton,3500,1670961,1908,,154,,Sold,,,https://www.redfin.com/MT/Fort-Benton/40389-Us-Hwy-87-59442/home/185344648,MRMLS,30005117,N,Y,47.831687,-110.694179
PAST SALE,June-3-2024,Vacant Land,Lots 16 - 20 Block 181,Other-see Remarks,MT,59442,95000,,,,,20909,,,,,Sold,,,https://www.redfin.com/MT/Other-See-Remarks/Lots-16-20-Block-181-59442/home/184953406,BMTMLS,338873,N,Y,47.82631,-110.653929
PAST SALE,June-3-2024,Vacant Land,Lot 16 - 20 Block 181,Fort Benton,MT,59442,95000,,,Fort Benton,,20908,,,,,Sold,,,https://www.redfin.com/MT/Fort-Benton/Lot-16-20-20th-St-59442/home/184955818,MRMLS,30003335,N,Y,47.82591027,-110.65440786
PAST SALE,June-3-2024,Vacant Land,Lot 11 - 15 Block 181,Fort Benton,MT,59442,95000,,,Fort Benton,,20908,,,,,Sold,,,https://www.redfin.com/MT/Fort-Benton/Lot-11-15-15th-St-59442/home/184953327,MRMLS,30003333,N,Y,47.82591027,-110.65440786
PAST SALE,June-3-2024,Vacant Land,Lots 11 - 15 Block 181,Fort Benton,MT,59442,95000,,,,,20909,,,,,Sold,,,https://www.redfin.com/MT/Fort-Benton/Lots-11-15-Block-181-59442/home/184953337,BMTMLS,338870,N,Y,47.82595,-110.654381
PAST SALE,December-18-2025,Vacant Land,TBD Vernon Rd,,MT,59450,160000,,,Highwood,,6969600,,,,,Sold,,,https://www.redfin.com/MT/Unknown/TBD-Vernon-Rd-59450/home/194048935,MRMLS,30038447,N,Y,47.75645015,-110.86390425
PAST SALE,June-17-2024,Ranch,x Dent Bridge Rd,Great Falls,MT,59404,390000,,,Great Falls,,8712000,,,,,Sold,,,https://www.redfin.com/MT/Great-Falls/Dent-Bridge-Rd-59404/home/185081661,MRMLS,30003470,N,Y,47.71030929,-111.20033484
