SALE TYPE,SOLD DATE,PROPERTY TYPE,ADDRESS,CITY,STATE OR PROVINCE,ZIP OR POSTAL CODE,PRICE,BEDS,BATHS,LOCATION,SQUARE FEET,LOT SIZE,YEAR BUILT,DAYS ON MARKET,$/SQUARE FEET,HOA/MONTH,STATUS,NEXT OPEN HOUSE START TIME,NEXT OPEN HOUSE END TIME,URL (SEE https://www.redfin.com/buy-a-home/comparative-market-analysis FOR INFO ON PRICING),SOURCE,MLS#,FAVORITE,INTERESTED,LATITUDE,LONGITUDE,County_Source,COUNTY_SOURCE
"In accordance with local MLS rules, some MLS listings are not included in the download",,,,,,,,,,,,,,,,,,,,,,,,,,,"Oconee County, SC","Oconee, SC"
PAST SALE,June-17-2022,Single Family Residential,212 W 4th St,Curtis,NE,69025,75000,4,1.0,Curtis,1087,,1920,,69,,Sold,,,https://www.redfin.com/NE/Curtis/212-W-4th-St-69025/home/133819789,GMNMLS,20220314,N,Y,40.6322171,-100.5179679,"Oconee County, SC","Oconee, SC"
PAST SALE,May-27-2022,Vacant Land,73929 381 Rd,Maywood,NE,69038,364900,5,3.0,Maywood,3024,,1939,,121,,Sold,,,https://www.redfin.com/NE/Maywood/73929-381-RD-69038/home/184217767,GMNMLS,20220206,N,Y,40.54381,-100.71124,"Oconee County, SC","Oconee, SC"
PAST SALE,January-2-2023,Single Family Residential,308 N Plum St,Maywood,NE,69038,78000,3,1.0,Maywood,950,,1978,,82,,Sold,,,https://www.redfin.com/NE/Maywood/308-N-Plum-St-69038/home/133820134,GMNMLS,20221560,N,Y,40.660276,-100.6232514,"Oconee County, SC","Oconee, SC"
PAST SALE,February-28-2023,Single Family Residential,802 Ord St,Curtis,NE,69025,132000,3,2.0,Curtis,1920,,1967,,69,,Sold,,,https://www.redfin.com/NE/Curtis/802-Ord-St-69025/home/133825523,GMNMLS,20221132,N,Y,40.6360315,-100.5178439,"Oconee County, SC","Oconee, SC"
PAST SALE,June-14-2021,Single Family Residential,302 N Plum St,Maywood,NE,69038,198000,4,3.0,MAYWOOD,3306,,1923,,60,,Sold,,,https://www.redfin.com/NE/Maywood/302-N-Plum-St-69038/home/133820570,GMNMLS,20210306,N,Y,40.6599009,-100.6231389,"Oconee County, SC","Oconee, SC"
PAST SALE,May-14-2021,Single Family Residential,203 W Anthony St,Eustis,NE,69028,160000,4,2.0,Eustis,2714,,1895,,59,,Sold,,,https://www.redfin.com/NE/Eustis/203-W-Anthony-St-69028/home/133818965,GMNMLS,20210305,N,Y,40.6644681,-100.0315425,"Oconee County, SC","Oconee, SC"
PAST SALE,September-30-2022,Single Family Residential,407 N Windom St,Eustis,NE,69028,138000,2,2.0,Eustis,2499,,1940,,55,,Sold,,,https://www.redfin.com/NE/Eustis/407-N-Windom-St-69028/home/133823995,GMNMLS,20221028,N,Y,40.6662414,-100.0280594,"Oconee County, SC","Oconee, SC"
PAST SALE,May-7-2021,Vacant Land,41875 747 Rd,Eustis,NE,69028,180000,2,1.0,Eustis,1328,206039,1895,,136,,Sold,,,https://www.redfin.com/NE/Eustis/41875-747-RD-69028/home/184220077,GMNMLS,20201505,N,Y,40.6561537215008,-100.005441566162,"Oconee County, SC","Oconee, SC"
PAST SALE,October-20-2022,Single Family Residential,303 N Hale St,Eustis,NE,69028,132500,3,2.0,Eustis,2842,,1920,,47,,Sold,,,https://www.redfin.com/NE/Eustis/303-N-Hale-St-69028/home/133825824,GMNMLS,20220953,N,Y,40.6651129,-100.0322573,"Oconee County, SC","Oconee, SC"
PAST SALE,November-2-2022,Single Family Residential,10 Dee Ave,Curtis,NE,69025,207500,3,2.0,Curtis,2890,,1981,,72,,Sold,,,https://www.redfin.com/NE/Curtis/10-Dee-Ave-69025/home/133825008,GMNMLS,20221289,N,Y,40.6353512,-100.500253,"Oconee County, SC","Oconee, SC"
PAST SALE,July-30-2021,Single Family Residential,107 N Hale St,Eustis,NE,69028,72000,3,2.0,Eustis,2200,,1934,,33,,Sold,,,https://www.redfin.com/NE/Eustis/107-N-Hale-St-69028/home/133824822,GMNMLS,20210818,N,Y,40.6637106,-100.0322448,"Oconee County, SC","Oconee, SC"
PAST SALE,October-28-2022,Single Family Residential,104 Allison St,Eustis,NE,69028,100000,2,1.0,Eustis,1144,,1925,,87,,Sold,,,https://www.redfin.com/NE/Eustis/104-E-Allison-St-69028/home/133825157,GMNMLS,20221168,N,Y,40.6609166,-100.0281824,"Oconee County, SC","Oconee, SC"
PAST SALE,May-20-2021,Ranch,0000 Maywood,Maywood,NE,69028,250000,,,Maywood,,,,,,,Sold,,,https://www.redfin.com/NE/Maywood/Maywood-69038/home/184217793,GMNMLS,20201080,N,Y,40.6226671039126,-100.056992711639,"Oconee County, SC","Oconee, SC"
PAST SALE,,Single Family Residential,404 Howard Ave,Curtis,NE,69025,181000,3,2.0,,2414,11326,1950,,75,,,,,https://www.redfin.com/NE/Curtis/404-Howard-Ave-69025/home/133820474,,,N,Y,40.6323444,-100.5137863,"Oconee County, SC","Oconee, SC"
PAST SALE,January-29-2024,Single Family Residential,501 Prentiss Ave,Curtis,NE,69025,160000,5,2.0,CURTIS,3226,,1969,,50,,Sold,,,https://www.redfin.com/NE/Curtis/501-Prentiss-Ave-69025/home/133822082,LCBR,25355,N,Y,40.6331556,-100.510245,"Oconee County, SC","Oconee, SC"
PAST SALE,April-30-2021,Single Family Residential,304 W Hendricks St,Eustis,NE,69028,77325,4,1.0,Eustis,2904,21700,1900,,27,,Sold,,,https://www.redfin.com/NE/Eustis/304-W-Hendricks-St-69028/home/133818774,GMNMLS,20210347,N,Y,40.6668866,-100.0329938,"Oconee County, SC","Oconee, SC"
PAST SALE,April-5-2024,Single Family Residential,73718 Road 417,Eustis,NE,69028,250000,3,1.0,EUSTIS,1800,155945,1906,,139,,Sold,,,https://www.redfin.com/NE/Eustis/73718-Road-417-69028/home/133820714,LCBR,25482,N,Y,40.5148716,-100.0367175,"Oconee County, SC","Oconee, SC"
PAST SALE,,Single Family Residential,401 N Hamilton St,Eustis,NE,69028,185000,4,2.0,,2223,10454,1920,,83,,,,,https://www.redfin.com/NE/Eustis/401-N-Hamilton-St-69028/home/133825140,,,N,Y,40.6658011,-100.0336041,"Oconee County, SC","Oconee, SC"
PAST SALE,November-23-2022,Single Family Residential,101 Cottonwood St,Stockville,NE,69042,145000,3,2.0,Stockville,2560,43560,1972,,57,,Sold,,,https://www.redfin.com/NE/Stockville/101-Cottonwood-ST-69042/home/184217777,GMNMLS,20211560,N,Y,40.493004,-100.38387,"Oconee County, SC","Oconee, SC"
PAST SALE,,Single Family Residential,403 N Wright St,Eustis,NE,69028,230000,3,3.0,,2349,11326,1979,,98,,,,,https://www.redfin.com/NE/Eustis/403-N-Wright-St-69028/home/133818993,,,N,Y,40.666136,-100.0362065,"Oconee County, SC","Oconee, SC"
PAST SALE,September-6-2022,Single Family Residential,500 N Wright St,Eustis,NE,69028,215000,4,3.0,Eustis,2424,9583,1970,,89,,Sold,,,https://www.redfin.com/NE/Eustis/500-N-Wright-St-69028/home/133821504,GMNMLS,20220769,N,Y,40.6668985,-100.0356699,"Oconee County, SC","Oconee, SC"
PAST SALE,,Single Family Residential,104 W 6th St,Curtis,NE,69025,180000,2,3.0,,3136,6970,1991,,57,,,,,https://www.redfin.com/NE/Curtis/104-W-6th-St-69025/home/133821837,,,N,Y,40.6341471,-100.5157758,"Oconee County, SC","Oconee, SC"
PAST SALE,March-19-2021,Single Family Residential,105 Franklin St,Stockville,NE,69042,128000,5,3.0,Stockville,2347,,1890,,55,,Sold,,,https://www.redfin.com/NE/Stockville/105-Franklin-St-69042/home/133821694,GMNMLS,20201403,N,Y,40.5346144,-100.3854885,"Oconee County, SC","Oconee, SC"
PAST SALE,March-21-2025,Single Family Residential,508 Park Ave,Curtis,NE,69025,215000,5,3.0,CURTIS,3000,12000,1979,,72,,Sold,,,https://www.redfin.com/NE/Curtis/508-Park-Ave-69025/home/133824691,LCBR,26157,N,Y,40.6336216,-100.5192408,"Oconee County, SC","Oconee, SC"
PAST SALE,June-3-2021,Single Family Residential,105 S Pear St,Maywood,NE,69038,59000,2,1.0,MAYWOOD,1105,,1890,,53,,Sold,,,https://www.redfin.com/NE/Maywood/105-S-Pear-St-69038/home/133823072,LCBR,23272,N,Y,40.6572154,-100.6210241,"Oconee County, SC","Oconee, SC"
PAST SALE,,Single Family Residential,609 Pope Ave,Curtis,NE,69025,130000,4,2.0,,2620,6970,1950,,50,,,,,https://www.redfin.com/NE/Curtis/609-Pope-Ave-69025/home/133824636,,,N,Y,40.6347239,-100.5171259,"Oconee County, SC","Oconee, SC"
PAST SALE,December-20-2021,Single Family Residential,705 Custer Ave,Curtis,NE,69025,116000,4,2.0,Curtis,2470,,1950,,47,,Sold,,,https://www.redfin.com/NE/Curtis/705-Custer-Ave-69025/home/133818535,GMNMLS,20211493,N,Y,40.635363,-100.5129108,"Oconee County, SC","Oconee, SC"
PAST SALE,,Single Family Residential,39087 Prairie Rd,Curtis,NE,69025,240000,3,3.0,,2539,22216,1981,,95,,,,,https://www.redfin.com/NE/Curtis/39087-Prairie-Rd-69025/home/133821933,,,N,Y,40.6287244,-100.5351316,"Oconee County, SC","Oconee, SC"
PAST SALE,December-22-2021,Single Family Residential,503 Pope Ave,Curtis,NE,69025,63000,4,2.0,Curtis,2000,,1920,,32,,Sold,,,https://www.redfin.com/NE/Curtis/503-Pope-Ave-69025/home/133825000,GMNMLS,20211225,N,Y,40.6333576,-100.5170964,"Oconee County, SC","Oconee, SC"
PAST SALE,February-13-2023,Single Family Residential,210 Howard St,Curtis,NE,69025,139000,4,1.0,Curtis,2577,,1890,,54,,Sold,,,https://www.redfin.com/NE/Curtis/210-Howard-Ave-69025/home/133824520,GMNMLS,20221563,N,Y,40.6307001,-100.5138185,"Oconee County, SC","Oconee, SC"
PAST SALE,March-17-2023,Single Family Residential,39113 Sandhills Rd,Curtis,NE,69025,175000,5,3.0,Curtis,3060,,1976,,57,,Sold,,,https://www.redfin.com/NE/Curtis/39113-Sandhills-Rd-69025/home/133819738,GMNMLS,20221585,N,Y,40.6289424,-100.5303999,"Oconee County, SC","Oconee, SC"
PAST SALE,November-30-2021,Single Family Residential,511 Pope Ave,Curtis,NE,69025,130000,4,3.0,Curtis,30042,,1920,,4,,Sold,,,https://www.redfin.com/NE/Curtis/511-Pope-Ave-69025/home/133826240,GMNMLS,20210226,N,Y,40.6338338,-100.5171788,"Oconee County, SC","Oconee, SC"
PAST SALE,June-27-2022,Single Family Residential,203 Crook Ave,Curtis,NE,69025,130000,4,2.0,CURTIS,2163,,1928,,60,,Sold,,,https://www.redfin.com/NE/Curtis/203-Crook-Ave-69025/home/133818703,LCBR,24233,N,Y,40.630353,-100.5213297,"Oconee County, SC","Oconee, SC"
PAST SALE,February-22-2023,Single Family Residential,804 Ord St,Curtis,NE,69025,120000,4,3.0,Curtis,3280,,1968,,37,,Sold,,,https://www.redfin.com/NE/Curtis/804-Ord-St-69025/home/133825271,GMNMLS,20221065,N,Y,40.6362422,-100.5177721,"Oconee County, SC","Oconee, SC"
PAST SALE,August-12-2022,Single Family Residential,210 Crook Ave,Curtis,NE,69025,105000,3,2.0,CURTIS,2012,,1976,,52,,Sold,,,https://www.redfin.com/NE/Curtis/210-Crook-Ave-69025/home/133820466,LCBR,24429,N,Y,40.6309405,-100.5211666,"Oconee County, SC","Oconee, SC"
PAST SALE,,Single Family Residential,102 W Chandler St,Eustis,NE,69028,180000,4,2.0,,2184,9148,1920,,82,,,,,https://www.redfin.com/NE/Eustis/102-W-Chandler-St-69028/home/133824814,,,N,Y,40.6638538,-100.0296939,"Oconee County, SC","Oconee, SC"
PAST SALE,,Single Family Residential,602 Center Ave,Curtis,NE,69025,95000,3,2.0,,1568,10454,1994,,61,,,,,https://www.redfin.com/NE/Curtis/602-Center-Ave-69025/home/133820665,,,N,Y,40.6341767,-100.5150002,"Oconee County, SC","Oconee, SC"
PAST SALE,,Single Family Residential,107 S Main St,Eustis,NE,69028,85000,2,1.0,,1168,9148,1890,,73,,,,,https://www.redfin.com/NE/Eustis/107-S-Main-St-69028/home/133824722,,,N,Y,40.6610453,-100.0294437,"Oconee County, SC","Oconee, SC"
PAST SALE,April-5-2024,Single Family Residential,4 Pope Ave,Curtis,NE,69025,110000,3,1.0,Curtis,1200,,1945,,92,,Sold,,,https://www.redfin.com/NE/Curtis/2-Pope-Ave-69025/home/133821047,GMNMLS,20240300,N,Y,40.62821,-100.51655,"Oconee County, SC","Oconee, SC"
PAST SALE,April-7-2025,Single Family Residential,400 N Wright St,Eustis,NE,69028,287000,2,3.0,Eustis,3558,,1999,,81,,Sold,,,https://www.redfin.com/NE/Eustis/400-N-Wright-St-69028/home/133823530,GMNMLS,20250121,N,Y,40.6657915,-100.0355939,"Oconee County, SC","Oconee, SC"
PAST SALE,September-22-2025,Single Family Residential,220 S Cedar St,Maywood,NE,69038,117000,4,2.0,Maywood,1120,,1920,,104,,Sold,,,https://www.redfin.com/NE/Maywood/220-S-Cedar-St-69038/home/133820820,LCBR,26384,N,Y,40.6552671,-100.6190175,"Oconee County, SC","Oconee, SC"
PAST SALE,December-8-2023,Single Family Residential,205 N Main St,Eustis,NE,69028,27000,3,2.0,Eustis,1500,9000,1930,,18,,Sold,,,https://www.redfin.com/NE/Eustis/205-N-Main-St-69028/home/188197567,GMNMLS,20231320,N,Y,40.6629522,-100.0291261,"Oconee County, SC","Oconee, SC"
PAST SALE,April-18-2023,Single Family Residential,402 N Wright St,Eustis,NE,69028,172000,3,2.0,Eustis,2200,,1978,,78,,Sold,,,https://www.redfin.com/NE/Eustis/402-N-Wright-St-69028/home/133821182,GMNMLS,20230261,N,Y,40.6659961,-100.0356296,"Oconee County, SC","Oconee, SC"
PAST SALE,December-4-2025,Single Family Residential,801 Pope Ave,Curtis,NE,,125000,3,2.0,Curtis,2048,20038,1929,,61,,Sold,,,https://www.redfin.com/NE/Curtis/801-Pope-Ave-69025/home/133818735,LCBR,26539,N,Y,40.6361666,-100.5171685,"Oconee County, SC","Oconee, SC"
PAST SALE,July-7-2023,Single Family Residential,506 E 5th St,Curtis,NE,69025,168000,5,2.0,Curtis,2240,,1970,,75,,Sold,,,https://www.redfin.com/NE/Curtis/506-E-5th-St-69025/home/133818726,GMNMLS,20230383,N,Y,40.6330337,-100.5089366,"Oconee County, SC","Oconee, SC"
PAST SALE,January-5-2026,Single Family Residential,307 N Hale St,Eustis,NE,69028,92000,2,1.0,Eustis,1101,,1920,,84,,Sold,,,https://www.redfin.com/NE/Eustis/307-N-Hale-St-69028/home/133822902,GMNMLS,20251545,N,Y,40.6654595,-100.0322733,"Oconee County, SC","Oconee, SC"
PAST SALE,April-5-2024,Single Family Residential,108 S Pear St,Maywood,NE,69038,110000,3,1.0,Maywood,1100,,1940,,100,,Sold,,,https://www.redfin.com/NE/Maywood/108-S-Pear-St-69038/home/133823956,GMNMLS,20240159,N,Y,40.6570718,-100.6203668,"Oconee County, SC","Oconee, SC"
PAST SALE,May-15-2024,Single Family Residential,402 N Hamilton St,Eustis,NE,69028,105000,3,1.0,Eustis,1627,,1920,,65,,Sold,,,https://www.redfin.com/NE/Eustis/402-N-Hamilton-St-69028/home/133825943,GMNMLS,20240203,N,Y,40.6660884,-100.0330356,"Oconee County, SC","Oconee, SC"
PAST SALE,November-14-2025,Vacant Land,201 Badger St,Stockville,NE,69042,50000,,,Stockville,,299257,,,,,Sold,,,https://www.redfin.com/NE/Stockville/201-Badger-St-69042/home/133818141,GMNMLS,20250994,N,Y,40.5323147,-100.3868793,"Oconee County, SC","Oconee, SC"
PAST SALE,July-14-2023,Single Family Residential,103 S Hamilton St,Eustis,NE,69028,130000,3,2.0,Eustis,1352,,1910,,96,,Sold,,,https://www.redfin.com/NE/Eustis/103-S-Hamilton-St-69028/home/133824745,GMNMLS,20221288,N,Y,40.6627572,-100.0336608,"Oconee County, SC","Oconee, SC"
PAST SALE,November-21-2025,Single Family Residential,706 Pope Ave,Curtis,NE,69025,123000,2,1.0,Curtis,1195,,1950,,103,,Sold,,,https://www.redfin.com/NE/Curtis/706-Pope-Ave-69025/home/133824677,LCBR,26316,N,Y,40.6354438,-100.5163808,"Oconee County, SC","Oconee, SC"
PAST SALE,,Single Family Residential,104 E 3rd St,Curtis,NE,69025,74000,3,1.0,,965,6970,1900,,77,,,,,https://www.redfin.com/NE/Curtis/104-E-3rd-St-69025/home/133819902,,,N,Y,40.6311709,-100.514668,"Oconee County, SC","Oconee, SC"
PAST SALE,November-14-2025,Single Family Residential,110 S Plum St,Maywood,NE,69038,57500,3,2.0,Maywood,1138,,1920,,51,,Sold,,,https://www.redfin.com/NE/Maywood/110-S-Plum-St-69038/home/133823966,LCBR,26378,N,Y,40.6569297,-100.6231759,"Oconee County, SC","Oconee, SC"
PAST SALE,October-10-2025,Single Family Residential,407 N Main St,Eustis,NE,69028,305000,4,2.0,Eustis,2540,348480,1940,,120,,Sold,,,https://www.redfin.com/NE/Eustis/407-N-Main-St-69028/home/133822859,GMNMLS,20250755,N,Y,40.6665019,-100.0294394,"Oconee County, SC","Oconee, SC"
PAST SALE,September-20-2024,Single Family Residential,206 Crook Ave,Curtis,NE,69025,65000,2,1.0,Curtis,838,,1955,,78,,Sold,,,https://www.redfin.com/NE/Curtis/206-Crook-Ave-69025/home/133818918,GMNMLS,20240774,N,Y,40.6305807,-100.5208743,"Oconee County, SC","Oconee, SC"
PAST SALE,February-5-2024,Single Family Residential,406 N Hamilton St,Eustis,NE,69028,188000,3,2.0,Eustis,2841,,1925,,66,,Sold,,,https://www.redfin.com/NE/Eustis/406-N-Hamilton-St-69028/home/133822914,GMNMLS,20231289,N,Y,40.6664408,-100.0329824,"Oconee County, SC","Oconee, SC"
PAST SALE,,Single Family Residential,503 Howard Ave,Curtis,NE,69025,100000,3,1.0,,1422,6970,1900,,70,,,,,https://www.redfin.com/NE/Curtis/503-Howard-Ave-69025/home/133823257,,,N,Y,40.6332879,-100.5143518,"Oconee County, SC","Oconee, SC"
PAST SALE,October-28-2024,Single Family Residential,504 Center Ave,Curtis,NE,69025,67500,3,3.0,CURTIS,1742,,1910,,39,,Sold,,,https://www.redfin.com/NE/Curtis/504-Center-Ave-69025/home/133824996,LCBR,25632,N,Y,40.6333563,-100.5150317,"Oconee County, SC","Oconee, SC"
PAST SALE,August-10-2023,Single Family Residential,301 E 4th St,Curtis,NE,69025,200000,5,3.0,CURTIS,2820,54014,1920,,71,,Sold,,,https://www.redfin.com/NE/Curtis/301-E-4th-St-69025/home/133820153,LCBR,24803,N,Y,40.6317552,-100.5122961,"Oconee County, SC","Oconee, SC"
PAST SALE,April-11-2025,Single Family Residential,204 E 7th St,Curtis,NE,69025,213500,4,3.0,CURTIS,2656,,1981,,80,,Sold,,,https://www.redfin.com/NE/Curtis/204-E-7th-St-69025/home/133822105,LCBR,25970,N,Y,40.6351366,-100.5135949,"Oconee County, SC","Oconee, SC"
PAST SALE,May-23-2025,Single Family Residential,305 W 9th St,Curtis,NE,69025,164900,3,2.0,CURTIS,2040,,2022,,81,,Sold,,,https://www.redfin.com/NE/Curtis/305-W-9th-St-69025/home/183209440,LCBR,25974,N,Y,40.6368951,-100.5196585,"Oconee County, SC","Oconee, SC"
PAST SALE,,Single Family Residential,501 Pope Ave,Curtis,NE,69025,90000,2,1.0,,1097,6970,1920,,82,,,,,https://www.redfin.com/NE/Curtis/501-Pope-Ave-69025/home/133824203,,,N,Y,40.633189,-100.5171302,"Oconee County, SC","Oconee, SC"
PAST SALE,,Single Family Residential,405 Park Ave,Curtis,NE,69025,210000,3,2.0,,3064,22651,1976,,69,,,,,https://www.redfin.com/NE/Curtis/405-Park-Ave-69025/home/133822703,,,N,Y,40.6327167,-100.5197872,"Oconee County, SC","Oconee, SC"
PAST SALE,,Single Family Residential,203 E 5th St,Curtis,NE,69025,110000,4,1.0,,1736,7405,1890,,63,,,,,https://www.redfin.com/NE/Curtis/203-E-5th-St-69025/home/133819482,,,N,Y,40.6327288,-100.5135981,"Oconee County, SC","Oconee, SC"
PAST SALE,,Single Family Residential,314 E 4th St,Curtis,NE,69025,104000,3,2.0,,1122,9148,1955,,93,,,,,https://www.redfin.com/NE/Curtis/314-E-4th-St-69025/home/133823816,,,N,Y,40.6322015,-100.5113676,"Oconee County, SC","Oconee, SC"
PAST SALE,,Single Family Residential,606 W Cameron St,Eustis,NE,69028,325000,,2.0,,1492,12197,2024,,218,,,,,https://www.redfin.com/NE/Eustis/606-W-Cameron-St-69028/home/133819984,,,N,Y,40.666137,-100.03695,"Oconee County, SC","Oconee, SC"
PAST SALE,,Single Family Residential,104 Frontier St,Stockville,NE,69042,60000,,,,,20909,2022,,,,,,,https://www.redfin.com/NE/Stockville/104-Frontier-St-69042/home/133819884,,,N,Y,40.530906,-100.384766,"Oconee County, SC","Oconee, SC"
PAST SALE,,Single Family Residential,410 Center Ave,Curtis,NE,69025,93000,3,1.0,,1254,5227,1900,,74,,,,,https://www.redfin.com/NE/Curtis/410-Center-Ave-69025/home/133820060,,,N,Y,40.6326886,-100.5150448,"Oconee County, SC","Oconee, SC"
PAST SALE,,Single Family Residential,504 Howard Ave,Curtis,NE,69025,67000,2,1.0,,1094,6970,1910,,61,,,,,https://www.redfin.com/NE/Curtis/504-Howard-Ave-69025/home/133823152,,,N,Y,40.6332682,-100.5136964,"Oconee County, SC","Oconee, SC"
PAST SALE,,Single Family Residential,112 W 7th St,Curtis,NE,69025,185000,4,2.0,,2856,11326,1920,,65,,,,,https://www.redfin.com/NE/Curtis/112-W-7th-St-69025/home/133824263,,,N,Y,40.6352317,-100.5164069,"Oconee County, SC","Oconee, SC"
PAST SALE,,Single Family Residential,505 Custer Ave,Curtis,NE,69025,185600,2,1.0,,1440,13939,1890,,129,,,,,https://www.redfin.com/NE/Curtis/505-Custer-Ave-69025/home/133825381,,,N,Y,40.6333922,-100.5129358,"Oconee County, SC","Oconee, SC"
PAST SALE,,Single Family Residential,411 Ord Ave,Curtis,NE,69025,46400,3,1.0,,1504,6970,1902,,31,,,,,https://www.redfin.com/NE/Curtis/411-Ord-Ave-69025/home/133823777,,,N,Y,40.6329399,-100.5185478,"Oconee County, SC","Oconee, SC"
PAST SALE,,Single Family Residential,101 Johnson Pl,Eustis,NE,69028,250000,4,3.0,,4304,11326,1991,,58,,,,,https://www.redfin.com/NE/Eustis/101-Johnson-Pl-69028/home/133821190,,,N,Y,40.6673951,-100.0375176,"Oconee County, SC","Oconee, SC"
PAST SALE,,Single Family Residential,74797 Road 415,Eustis,NE,69028,72000,2,2.0,,2165,378972,1910,,33,,,,,https://www.redfin.com/NE/Eustis/74797-Road-415-69028/home/133821870,,,N,Y,40.6707335,-100.0772257,"Oconee County, SC","Oconee, SC"
PAST SALE,,Single Family Residential,103 Johnson Pl,Eustis,NE,69028,475000,4,2.5,,4372,27007,1996,,109,,,,,https://www.redfin.com/NE/Eustis/103-Johnson-Pl-69028/home/133823536,,,N,Y,40.6676649,-100.0374525,"Oconee County, SC","Oconee, SC"
PAST SALE,,Mobile/Manufactured Home,101 N Hamilton St,Eustis,NE,69028,172000,3,1.5,,1457,7841,1968,,118,,,,,https://www.redfin.com/NE/Eustis/101-N-Hamilton-St-69028/home/133825956,,,N,Y,40.663543,-100.0335406,"Oconee County, SC","Oconee, SC"
PAST SALE,,Single Family Residential,41748 Road 733,Holbrook,NE,68948,57000,,1.0,,996,637718,1950,,57,,,,,https://www.redfin.com/NE/Holbrook/41748-Road-733-68948/home/133825187,,,N,Y,40.452056,-100.030097,"Oconee County, SC","Oconee, SC"
PAST SALE,,Single Family Residential,820 Center Ave,Curtis,NE,69025,77333,3,1.0,,1136,161608,1920,,68,,,,,https://www.redfin.com/NE/Curtis/820-Center-Ave-69025/home/133819466,,,N,Y,40.6381965,-100.5149194,"Oconee County, SC","Oconee, SC"
PAST SALE,,Mobile/Manufactured Home,105 S Main St,Eustis,NE,69028,82000,3,2.0,,1512,8276,1977,,54,,,,,https://www.redfin.com/NE/Eustis/105-S-Main-St-69028/home/133824026,,,N,Y,40.6611233,-100.029514,"Oconee County, SC","Oconee, SC"
PAST SALE,,Single Family Residential,406 Ord Ave,Curtis,NE,69025,124000,3,1.0,,863,10454,1890,,144,,,,,https://www.redfin.com/NE/Curtis/406-Ord-Ave-69025/home/133826063,,,N,Y,40.632497,-100.5179887,"Oconee County, SC","Oconee, SC"
PAST SALE,,Single Family Residential,205 N Morton St,Eustis,NE,69028,55000,3,1.0,,1325,6970,1900,,42,,,,,https://www.redfin.com/NE/Eustis/205-N-Morton-St-69028/home/133825303,,,N,Y,40.6642471,-100.0308748,"Oconee County, SC","Oconee, SC"
PAST SALE,,Single Family Residential,408 Custer Ave,Curtis,NE,69025,177000,2,2.0,,1722,10454,1960,,103,,,,,https://www.redfin.com/NE/Curtis/408-Custer-Ave-69025/home/133818711,,,N,Y,40.6325641,-100.5124291,"Oconee County, SC","Oconee, SC"
PAST SALE,,Single Family Residential,405 N Windom St,Eustis,NE,69028,50000,2,1.0,,956,6970,1910,,52,,,,,https://www.redfin.com/NE/Eustis/405-N-Windom-St-69028/home/133824702,,,N,Y,40.6661048,-100.0280343,"Oconee County, SC","Oconee, SC"
PAST SALE,,Single Family Residential,203 N Cherry St,Maywood,NE,69038,35000,2,1.0,,696,11761,1950,,50,,,,,https://www.redfin.com/NE/Maywood/203-N-Cherry-St-69038/home/133824189,,,N,Y,40.6588943,-100.625342,"Oconee County, SC","Oconee, SC"
PAST SALE,,Mobile/Manufactured Home,216 S Commercial St,Maywood,NE,69038,75000,2,1.5,,1280,27878,1985,,59,,,,,https://www.redfin.com/NE/Maywood/216-S-Commercial-St-69038/home/133820805,,,N,Y,40.6554579,-100.6216128,"Oconee County, SC","Oconee, SC"
PAST SALE,,Single Family Residential,310 W Market St,Maywood,NE,69038,73000,5,2.0,,2366,44867,1943,,31,,,,,https://www.redfin.com/NE/Maywood/310-W-Market-St-69038/home/133821610,,,N,Y,40.6598713,-100.6258,"Oconee County, SC","Oconee, SC"
PAST SALE,,Single Family Residential,112 S Pear St,Maywood,NE,69038,45000,,1.0,,1205,6970,1890,,37,,,,,https://www.redfin.com/NE/Maywood/112-S-Pear-St-69038/home/133825168,,,N,Y,40.6568126,-100.6204107,"Oconee County, SC","Oconee, SC"
PAST SALE,,Single Family Residential,204 S Plum St,Maywood,NE,69038,46000,1,1.0,,804,13939,1900,,57,,,,,https://www.redfin.com/NE/Maywood/204-S-Plum-St-69038/home/133825632,,,N,Y,40.6563353,-100.6232514,"Oconee County, SC","Oconee, SC"
PAST SALE,,Single Family Residential,402 N Plum St,Maywood,NE,69038,75000,4,2.0,,3249,13939,1920,,23,,,,,https://www.redfin.com/NE/Maywood/402-N-Plum-St-69038/home/133825981,,,N,Y,40.6608768,-100.623161,"Oconee County, SC","Oconee, SC"
PAST SALE,,Single Family Residential,202 S Cedar St,Maywood,NE,69038,90000,2,2.0,,1526,13939,1900,,59,,,,,https://www.redfin.com/NE/Maywood/202-S-Cedar-St-69038/home/133821258,,,N,Y,40.6564408,-100.6189878,"Oconee County, SC","Oconee, SC"
PAST SALE,,Single Family Residential,200 W Cameron St,Eustis,NE,69028,270000,4,2.0,,1644,13939,1890,,164,,,,,https://www.redfin.com/NE/Eustis/200-W-Cameron-St-69028/home/133825795,,,N,Y,40.66585,-100.0309004,"Oconee County, SC","Oconee, SC"
PAST SALE,,Single Family Residential,74829 Road 385,Maywood,NE,69038,130000,1,1.0,,1560,87120,1930,,83,,,,,https://www.redfin.com/NE/Maywood/74829-Road-385-69038/home/133821922,,,N,Y,40.675038,-100.6308718,"Oconee County, SC","Oconee, SC"
PAST SALE,,Single Family Residential,41698 Road 748,Eustis,NE,69028,350000,4,3.0,,3877,257004,1972,,90,,,,,https://www.redfin.com/NE/Eustis/41698-Road-748-69028/home/133819681,,,N,Y,40.6696753,-100.0397274,"Oconee County, SC","Oconee, SC"
PAST SALE,,Single Family Residential,501 E 5th St,Curtis,NE,69025,121000,2,2.0,,1404,13504,1957,,86,,,,,https://www.redfin.com/NE/Curtis/501-E-5th-St-69025/home/133823828,,,N,Y,40.6326788,-100.5098325,"Oconee County, SC","Oconee, SC"
PAST SALE,,Single Family Residential,102 N Windom St,Eustis,NE,69028,50000,3,1.0,,1294,10454,1920,,39,,,,,https://www.redfin.com/NE/Eustis/102-N-Windom-St-69028/home/133820052,,,N,Y,40.6628588,-100.0274401,"Oconee County, SC","Oconee, SC"
PAST SALE,,Single Family Residential,608 Howard Ave,Curtis,NE,69025,135000,3,2.0,,2080,8712,1960,,65,,,,,https://www.redfin.com/NE/Curtis/608-Howard-Ave-69025/home/133819656,,,N,Y,40.6344969,-100.5136592,"Oconee County, SC","Oconee, SC"
PAST SALE,,Single Family Residential,605 Howard Ave,Curtis,NE,69025,108000,3,1.0,,1360,13939,1900,,79,,,,,https://www.redfin.com/NE/Curtis/605-Howard-Ave-69025/home/133821399,,,N,Y,40.6344516,-100.5142852,"Oconee County, SC","Oconee, SC"
PAST SALE,,Single Family Residential,201 W 9th St,Curtis,NE,69025,180000,3,2.0,,1920,24829,1970,,94,,,,,https://www.redfin.com/NE/Curtis/201-W-9th-St-69025/home/133825696,,,N,Y,40.6366256,-100.5170442,"Oconee County, SC","Oconee, SC"
PAST SALE,,Single Family Residential,206 Ord Ave,Curtis,NE,69025,10000,,1.0,,528,6970,1900,,19,,,,,https://www.redfin.com/NE/Curtis/206-Ord-Ave-69025/home/133822811,,,N,Y,40.6306531,-100.5180436,"Oconee County, SC","Oconee, SC"
PAST SALE,,Single Family Residential,41875 Road 747,Eustis,NE,69028,180000,3,1.0,,1328,206039,1895,,136,,,,,https://www.redfin.com/NE/Eustis/41875-Road-747-69028/home/133825644,,,N,Y,40.6567088,-100.0057068,"Oconee County, SC","Oconee, SC"
PAST SALE,,Single Family Residential,405 E 5th St,Curtis,NE,69025,155000,4,2.0,,1326,11326,1976,,117,,,,,https://www.redfin.com/NE/Curtis/405-E-5th-St-69025/home/133822257,,,N,Y,40.6326909,-100.5103654,"Oconee County, SC","Oconee, SC"
PAST SALE,,Single Family Residential,74258 E Canyon Rd,Eustis,NE,69028,350000,3,3.0,,3312,268765,1976,,106,,,,,https://www.redfin.com/NE/Eustis/74258-E-Canyon-Rd-69028/home/133820042,,,N,Y,40.5913164,-100.0182957,"Oconee County, SC","Oconee, SC"
PAST SALE,,Single Family Residential,302 W 9th St,Curtis,NE,69025,240000,,2.0,,2100,26136,2005,,114,,,,,https://www.redfin.com/NE/Curtis/302-W-9th-St-69025/home/133820428,,,N,Y,40.6371734,-100.51849,"Oconee County, SC","Oconee, SC"
PAST SALE,,Single Family Residential,40275 Road 741,Moorefield,NE,69039,225000,5,1.0,,3345,6977876,1946,,67,,,,,https://www.redfin.com/NE/Moorefield/40275-Road-741-69039/home/183209455,,,N,Y,40.5707597,-100.3106717,"Oconee County, SC","Oconee, SC"
PAST SALE,,Single Family Residential,4 Pope Ave,Curtis,NE,69025,110000,3,1.0,,1543,6970,1950,,71,,,,,https://www.redfin.com/NE/Curtis/4-Pope-Ave-69025/home/133821599,,,N,Y,40.6284093,-100.5167091,"Oconee County, SC","Oconee, SC"
PAST SALE,,Single Family Residential,201 Ord Ave,Curtis,NE,69025,166000,4,2.0,,2124,19602,1910,,78,,,,,https://www.redfin.com/NE/Curtis/201-Ord-Ave-69025/home/133825674,,,N,Y,40.6302864,-100.5186236,"Oconee County, SC","Oconee, SC"
PAST SALE,,Single Family Residential,101 Cottonwood St,Stockville,NE,69042,145000,3,2.0,,2560,20909,1972,,57,,,,,https://www.redfin.com/NE/Stockville/101-Cottonwood-St-69042/home/133818133,,,N,Y,40.5333878,-100.3828428,"Oconee County, SC","Oconee, SC"
PAST SALE,,Single Family Residential,410 Pope Ave,Curtis,NE,69025,75000,3,2.0,,1153,6970,1920,,65,,,,,https://www.redfin.com/NE/Curtis/410-Pope-Ave-69025/home/133819936,,,N,Y,40.6327425,-100.5165179,"Oconee County, SC","Oconee, SC"
PAST SALE,,Single Family Residential,603 Pope Ave,Curtis,NE,69025,46000,2,2.0,,1862,6970,1920,,25,,,,,https://www.redfin.com/NE/Curtis/603-Pope-Ave-69025/home/133825372,,,N,Y,40.6343497,-100.517089,"Oconee County, SC","Oconee, SC"
PAST SALE,,Single Family Residential,72735 Road 381,Mc Cook,NE,69001,150000,,1.0,,2954,311454,1980,,51,,,,,https://www.redfin.com/NE/Mc-Cook/72735-Road-381-69001/home/169413208,,,N,Y,40.3690756,-100.708561,"Oconee County, SC","Oconee, SC"
PAST SALE,,Single Family Residential,74759 Cemetary Rd,Maywood,NE,69038,245000,,2.0,,1568,1152162,1988,,156,,,,,https://www.redfin.com/NE/Maywood/74759-Cemetary-Rd-69038/home/133825211,,,N,Y,40.6639526,-100.6297951,"Oconee County, SC","Oconee, SC"
PAST SALE,,Single Family Residential,102 S Cherry St,Maywood,NE,69038,50000,3,1.0,,1200,13939,1895,,42,,,,,https://www.redfin.com/NE/Maywood/102-S-Cherry-St-69038/home/133825992,,,N,Y,40.657451,-100.6245889,"Oconee County, SC","Oconee, SC"
PAST SALE,,Single Family Residential,103 S Pear St,Maywood,NE,69038,175289,2,3.0,,2566,13939,1971,,68,,,,,https://www.redfin.com/NE/Maywood/103-S-Pear-St-69038/home/133825986,,,N,Y,40.6574041,-100.620967,"Oconee County, SC","Oconee, SC"
PAST SALE,,Single Family Residential,315 E 5th St,Curtis,NE,69025,165000,6,2.0,,2251,14810,1940,,73,,,,,https://www.redfin.com/NE/Curtis/315-E-5th-St-69025/home/133825519,,,N,Y,40.6327088,-100.5111236,"Oconee County, SC","Oconee, SC"
PAST SALE,,Single Family Residential,410 N Plum St,Maywood,NE,69038,85000,3,2.0,,1414,13939,1968,,60,,,,,https://www.redfin.com/NE/Maywood/410-N-Plum-St-69038/home/133825351,,,N,Y,40.6614421,-100.623294,"Oconee County, SC","Oconee, SC"
PAST SALE,,Single Family Residential,505 Howard Ave,Curtis,NE,69025,110000,2,3.0,,1920,6970,1950,,57,,,,,https://www.redfin.com/NE/Curtis/505-Howard-Ave-69025/home/133826025,,,N,Y,40.6334081,-100.5142986,"Oconee County, SC","Oconee, SC"
PAST SALE,,Single Family Residential,507 Pope Ave,Curtis,NE,69025,130000,3,1.0,,1200,10454,1890,,108,,,,,https://www.redfin.com/NE/Curtis/507-Pope-Ave-69025/home/133823167,,,N,Y,40.6336693,-100.517217,"Oconee County, SC","Oconee, SC"
PAST SALE,,Single Family Residential,701 Center Ave,Curtis,NE,69025,237000,4,3.0,,2780,17424,1900,,85,,,,,https://www.redfin.com/NE/Curtis/701-Center-Ave-69025/home/133825086,,,N,Y,40.6352007,-100.5157457,"Oconee County, SC","Oconee, SC"
PAST SALE,,Single Family Residential,301 W 9th St,Curtis,NE,69025,127000,3,1.0,,1008,11326,1996,,126,,,,,https://www.redfin.com/NE/Curtis/301-W-9th-St-69025/home/133821900,,,N,Y,40.6366589,-100.5183842,"Oconee County, SC","Oconee, SC"
PAST SALE,,Single Family Residential,72696 US Highway 83,Mc Cook,NE,69001,425000,3,2.5,,5216,408593,2004,,81,,,,,https://www.redfin.com/NE/Mc-Cook/72696-US-Highway-83-69001/home/133818650,,,N,Y,40.3639794,-100.6441046,"Oconee County, SC","Oconee, SC"
PAST SALE,,Single Family Residential,803 Howard Ave,Curtis,NE,69025,150000,3,1.5,,1957,10890,1950,,77,,,,,https://www.redfin.com/NE/Curtis/803-Howard-Ave-69025/home/133818907,,,N,Y,40.6362851,-100.5142055,"Oconee County, SC","Oconee, SC"
PAST SALE,,Single Family Residential,72722 US Highway 83,Mc Cook,NE,69001,280000,2,1.0,,1512,158123,1930,,185,,,,,https://www.redfin.com/NE/Mc-Cook/72722-US-Highway-83-69001/home/133824623,,,N,Y,40.368105,-100.6457334,"Oconee County, SC","Oconee, SC"
PAST SALE,,Single Family Residential,709 Custer Ave,Curtis,NE,69025,150000,3,2.0,,2112,6970,1910,,71,,,,,https://www.redfin.com/NE/Curtis/709-Custer-Ave-69025/home/133821496,,,N,Y,40.6356326,-100.5128919,"Oconee County, SC","Oconee, SC"
